Workbook

Sheet Instruções
A1: MRCC-PV — Matriz de Redesenho de Cargos e Competências para Pequenos Varejistas
A2: Exemplo preenchido: loja de material de construção, função "Atendente de balcão"
A4: O que é esta pasta de trabalho
B5: Esta planilha é a instanciação do artefato MRCC-PV, definido no PBL3 e projetado no PBL4. Ela guia o gestor de um pequeno estabelecimento varejista por seis passos que terminam num plano de desenvolvimento de competências para uma função, considerando o efeito da IA sobre as tarefas dessa função.
B6: As abas M1 a M4 correspondem aos quatro módulos da arquitetura do artefato. A aba Salvaguarda aplica a checagem de qualidade do trabalho. A aba Catálogo de Ações e a aba Legenda dão suporte às outras abas.
A7: Como usar
A8: Passo 1 | B8: Na aba M1, preencha a função e liste as ferramentas de IA em uso ou em consideração.
A9: Passo 2 | B9: Ainda em M1, inventarie as tarefas da função com frequência e criticidade.
A10: Passo 3 | B10: Classifique o efeito da IA sobre cada tarefa: A (automatizada), P (aprimorada), I (inalterada) ou N (nova).
A11: Passo 4 | B11: Na aba M2, registre as competências requeridas, o eixo de cada uma e os níveis atual e alvo. A aba M3 calcula a lacuna e a prioridade automaticamente, não preencha nada nela.
A12: Passo 5 | B12: Na aba M4, defina a ação de desenvolvimento para cada lacuna prioritária, escolhendo no Catálogo de Ações.
A13: Passo 6 | B13: Na aba Salvaguarda, responda as âncoras de qualidade do trabalho. Toda resposta diferente de "Sim" exige um ajuste registrado antes de encerrar o ciclo.
A14: Cores das células
A15: Amarelo | B15: Célula de entrada, o gestor preenche.
A16: Branco | B16: Célula calculada por fórmula, não editar.
A17: Cinza | B17: Legenda ou referência, não editar.
A18: Tempo de referência | B18: O ciclo completo (passos 1 a 6) para uma função deve caber em até 90 minutos (RNF01 do PBL3).

Sheet Legenda
A1: Escala de proficiência (N0–N3) | E1: Peso — Criticidade | H1: Peso — Frequência
A2: Código | B2: Rótulo | C2: Valor | D2: Rótulo completo (uso em dropdown) | E2: Nível | F2: Peso | H2: Nível | I2: Peso
A3: N0 | B3: Não exposto | C3: 0 | D3: =A3&" - "&B3 -> N0 - Não exposto | E3: Alta | F3: 3 | H3: Diária | I3: 3
A4: N1 | B4: Usuário assistido | C4: 1 | D4: =A4&" - "&B4 -> N1 - Usuário assistido | E4: Média | F4: 2 | H4: Semanal | I4: 2
A5: N2 | B5: Usuário autônomo | C5: 2 | D5: =A5&" - "&B5 -> N2 - Usuário autônomo | E5: Baixa | F5: 1 | H5: Eventual | I5: 1
A6: N3 | B6: Usuário crítico | C6: 3 | D6: =A6&" - "&B6 -> N3 - Usuário crítico

Sheet M1 - Diagnóstico
A1: Função | B1: Tarefa | C1: Frequência | D1: Criticidade | E1: Ferramenta de IA associada | F1: Efeito da IA (A / P / I / N)
A2: Atendente de balcão | B2: Consultar preço e estoque | C2: Diária | D2: Média | E2: Assistente de IA interno (catálogo) | F2: A
A3: Atendente de balcão | B3: Montar orçamento para o cliente | C3: Diária | D3: Alta | E3: Assistente de IA interno (catálogo) | F3: P
A4: Atendente de balcão | B4: Negociar prazo com cliente insatisfeito | C4: Semanal | D4: Alta | E4: — | F4: I
A5: Atendente de balcão | B5: Revisar o orçamento gerado pela IA | C5: Diária | D5: Alta | E5: Assistente de IA interno (catálogo) | F5: N
A7: Legenda do efeito: A = automatizada · P = aprimorada · I = inalterada · N = nova

Sheet M2 - Competências
A1: Função | B1: Competência | C1: Eixo | D1: Tarefa associada (M1) | E1: Nível atual | F1: Nível-alvo
A2: Atendente de balcão | B2: Letramento em IA | C2: Letramento em IA | D2: Revisar o orçamento gerado pela IA | E2: N0 - Não exposto | F2: N2 - Usuário autônomo
A3: Atendente de balcão | B3: Proficiência na ferramenta de orçamento | C3: Proficiência técnica | D3: Montar orçamento para o cliente | E3: N1 - Usuário assistido | F3: N2 - Usuário autônomo
A4: Atendente de balcão | B4: Adaptabilidade a novos fluxos de trabalho | C4: Adaptabilidade | D4: Consultar preço e estoque | E4: N2 - Usuário autônomo | F4: N2 - Usuário autônomo
A5: Atendente de balcão | B5: Julgamento em situação de atendimento difícil | C5: Relacionais e de julgamento | D5: Negociar prazo com cliente insatisfeito | E5: N2 - Usuário autônomo | F5: N3 - Usuário crítico

Sheet M3 - Lacunas
A1: Competência | B1: Tarefa associada | C1: Nível atual | D1: Nível-alvo | E1: Atual (nº) | F1: Alvo (nº) | G1: Lacuna | H1: Criticidade (tarefa) | I1: Frequência (tarefa) | J1: Peso crit. | K1: Peso freq. | L1: Score desempate | M1: Prioridade
A2: ='M2 - Competências'!B2 -> Letramento em IA | B2: ='M2 - Competências'!D2 -> Revisar o orçamento gerado pela IA | C2: ='M2 - Competências'!E2 -> N0 - Não exposto | D2: ='M2 - Competências'!F2 -> N2 - Usuário autônomo | E2: =INDEX(Legenda!$C$3:$C$6,MATCH(LEFT(C2,2),Legenda!$A$3:$A$6,0)) -> 0 | F2: =INDEX(Legenda!$C$3:$C$6,MATCH(LEFT(D2,2),Legenda!$A$3:$A$6,0)) -> 2 | G2: =F2-E2 -> 2 | H2: =INDEX('M1 - Diagnóstico'!$D$2:$D$5,MATCH(B2,'M1 - Diagnóstico'!$B$2:$B$5,0)) -> Alta | I2: =INDEX('M1 - Diagnóstico'!$C$2:$C$5,MATCH(B2,'M1 - Diagnóstico'!$B$2:$B$5,0)) -> Diária | J2: =INDEX(Legenda!$F$3:$F$5,MATCH(H2,Legenda!$E$3:$E$5,0)) -> 3 | K2: =INDEX(Legenda!$I$3:$I$5,MATCH(I2,Legenda!$H$3:$H$5,0)) -> 3 | L2: =G2*10+J2+K2 -> 26 | M2: =IF(G2=0,"Nenhuma",IF(G2>=2,"Alta","Média")) -> Alta
A3: ='M2 - Competências'!B3 -> Proficiência na ferramenta de orçamento | B3: ='M2 - Competências'!D3 -> Montar orçamento para o cliente | C3: ='M2 - Competências'!E3 -> N1 - Usuário assistido | D3: ='M2 - Competências'!F3 -> N2 - Usuário autônomo | E3: =INDEX(Legenda!$C$3:$C$6,MATCH(LEFT(C3,2),Legenda!$A$3:$A$6,0)) -> 1 | F3: =INDEX(Legenda!$C$3:$C$6,MATCH(LEFT(D3,2),Legenda!$A$3:$A$6,0)) -> 2 | G3: =F3-E3 -> 1 | H3: =INDEX('M1 - Diagnóstico'!$D$2:$D$5,MATCH(B3,'M1 - Diagnóstico'!$B$2:$B$5,0)) -> Alta | I3: =INDEX('M1 - Diagnóstico'!$C$2:$C$5,MATCH(B3,'M1 - Diagnóstico'!$B$2:$B$5,0)) -> Diária | J3: =INDEX(Legenda!$F$3:$F$5,MATCH(H3,Legenda!$E$3:$E$5,0)) -> 3 | K3: =INDEX(Legenda!$I$3:$I$5,MATCH(I3,Legenda!$H$3:$H$5,0)) -> 3 | L3: =G3*10+J3+K3 -> 16 | M3: =IF(G3=0,"Nenhuma",IF(G3>=2,"Alta","Média")) -> Média
A4: ='M2 - Competências'!B4 -> Adaptabilidade a novos fluxos de trabalho | B4: ='M2 - Competências'!D4 -> Consultar preço e estoque | C4: ='M2 - Competências'!E4 -> N2 - Usuário autônomo | D4: ='M2 - Competências'!F4 -> N2 - Usuário autônomo | E4: =INDEX(Legenda!$C$3:$C$6,MATCH(LEFT(C4,2),Legenda!$A$3:$A$6,0)) -> 2 | F4: =INDEX(Legenda!$C$3:$C$6,MATCH(LEFT(D4,2),Legenda!$A$3:$A$6,0)) -> 2 | G4: =F4-E4 -> 0 | H4: =INDEX('M1 - Diagnóstico'!$D$2:$D$5,MATCH(B4,'M1 - Diagnóstico'!$B$2:$B$5,0)) -> Média | I4: =INDEX('M1 - Diagnóstico'!$C$2:$C$5,MATCH(B4,'M1 - Diagnóstico'!$B$2:$B$5,0)) -> Diária | J4: =INDEX(Legenda!$F$3:$F$5,MATCH(H4,Legenda!$E$3:$E$5,0)) -> 2 | K4: =INDEX(Legenda!$I$3:$I$5,MATCH(I4,Legenda!$H$3:$H$5,0)) -> 3 | L4: =G4*10+J4+K4 -> 5 | M4: =IF(G4=0,"Nenhuma",IF(G4>=2,"Alta","Média")) -> Nenhuma
A5: ='M2 - Competências'!B5 -> Julgamento em situação de atendimento difícil | B5: ='M2 - Competências'!D5 -> Negociar prazo com cliente insatisfeito | C5: ='M2 - Competências'!E5 -> N2 - Usuário autônomo | D5: ='M2 - Competências'!F5 -> N3 - Usuário crítico | E5: =INDEX(Legenda!$C$3:$C$6,MATCH(LEFT(C5,2),Legenda!$A$3:$A$6,0)) -> 2 | F5: =INDEX(Legenda!$C$3:$C$6,MATCH(LEFT(D5,2),Legenda!$A$3:$A$6,0)) -> 3 | G5: =F5-E5 -> 1 | H5: =INDEX('M1 - Diagnóstico'!$D$2:$D$5,MATCH(B5,'M1 - Diagnóstico'!$B$2:$B$5,0)) -> Alta | I5: =INDEX('M1 - Diagnóstico'!$C$2:$C$5,MATCH(B5,'M1 - Diagnóstico'!$B$2:$B$5,0)) -> Semanal | J5: =INDEX(Legenda!$F$3:$F$5,MATCH(H5,Legenda!$E$3:$E$5,0)) -> 3 | K5: =INDEX(Legenda!$I$3:$I$5,MATCH(I5,Legenda!$H$3:$H$5,0)) -> 2 | L5: =G5*10+J5+K5 -> 15 | M5: =IF(G5=0,"Nenhuma",IF(G5>=2,"Alta","Média")) -> Média
A7: Prioridade = "Nenhuma" se lacuna = 0; "Alta" se lacuna ≥ 2; "Média" se lacuna = 1. O score de desempate (coluna L) ordena empates dentro da mesma prioridade, combinando lacuna, criticidade e frequência da tarefa associada, conforme o Quadro 2 do PBL4.

Sheet Catálogo de Ações
A1: Eixo | B1: Ação de desenvolvimento | C1: Recurso | D1: Custo
A2: Letramento em IA | B2: 3 sessões de 40 min usando a ferramenta em casos reais da loja | C2: Tutorial gratuito + prática assistida | D2: R$ 0
A3: Letramento em IA | B3: Tutorial online gratuito sobre uso básico de IA no varejo | C3: Conteúdo do Sebrae | D3: R$ 0
A4: Proficiência técnica | B4: Prática assistida na ferramenta de orçamento, 2x por semana, com revisão do gerente | C4: Prática assistida | D4: R$ 0
A5: Proficiência técnica | B5: Manual passo a passo da ferramenta, com capturas de tela | C5: Material interno | D5: R$ 0
A6: Adaptabilidade | B6: Rodízio de funções por uma semana | C6: Prática assistida | D6: R$ 0
A7: Relacionais e de julgamento | B7: Rodízio: 1 dia por semana no atendimento de reclamação junto com o gerente | C7: Aprendizagem entre pares | D7: R$ 0
A8: Relacionais e de julgamento | B8: Simulação de atendimento difícil (role-play) com o gerente | C8: Aprendizagem entre pares | D8: R$ 0
A9: Geral | B9: Conteúdo gratuito do Sebrae sobre gestão de pessoas e adoção de IA | C9: Conteúdo do Sebrae | D9: R$ 0

Sheet M4 - Trilha
A1: Competência (lacuna priorizada) | B1: Prioridade | C1: Ação de desenvolvimento | D1: Recurso | E1: Responsável | F1: Prazo (dias) | G1: Critério de conclusão
A2: Letramento em IA | B2: =INDEX('M3 - Lacunas'!$M$2:$M$5,MATCH(A2,'M3 - Lacunas'!$A$2:$A$5,0)) -> Alta | C2: 3 sessões de 40 min usando a ferramenta em casos reais da loja | D2: =INDEX('Catálogo de Ações'!$C$2:$C$9,MATCH(C2,'Catálogo de Ações'!$B$2:$B$9,0)) -> Tutorial gratuito + prática assistida | E2: Gerente | F2: 30 | G2: O atendente monta um orçamento com a IA sem apoio do gerente.
A3: Proficiência na ferramenta de orçamento | B3: =INDEX('M3 - Lacunas'!$M$2:$M$5,MATCH(A3,'M3 - Lacunas'!$A$2:$A$5,0)) -> Média | C3: Prática assistida na ferramenta de orçamento, 2x por semana, com revisão do gerente | D3: =INDEX('Catálogo de Ações'!$C$2:$C$9,MATCH(C3,'Catálogo de Ações'!$B$2:$B$9,0)) -> Prática assistida | E3: Gerente | F3: 30 | G3: O atendente monta o orçamento completo sozinho, sem erro de preço.
A4: Julgamento em situação de atendimento difícil | B4: =INDEX('M3 - Lacunas'!$M$2:$M$5,MATCH(A4,'M3 - Lacunas'!$A$2:$A$5,0)) -> Média | C4: Rodízio: 1 dia por semana no atendimento de reclamação junto com o gerente | D4: =INDEX('Catálogo de Ações'!$C$2:$C$9,MATCH(C4,'Catálogo de Ações'!$B$2:$B$9,0)) -> Aprendizagem entre pares | E4: Gerente | F4: 60 | G4: O atendente resolve uma reclamação de cliente sozinho.
A6: A competência "Adaptabilidade a novos fluxos de trabalho" não aparece aqui: sua lacuna é 0 (Prioridade "Nenhuma" na aba M3), portanto não exige ação nesta rodada.

Sheet Salvaguarda
A1: # | B1: Âncora (Job Characteristics Model) | C1: O que ela verifica | D1: Resposta | E1: Observação | F1: Ajuste registrado
A2: 1 | B2: Variedade de habilidades | C2: A função continua exigindo mais de um tipo de habilidade, ou virou só clicar em botão? | D2: Sim | E2: O atendente ainda consulta, negocia e monta orçamento — a IA assumiu só uma parte.
A3: 2 | B3: Identidade da tarefa | C3: O atendente ainda entrega um resultado completo e reconhecível, não só um pedaço dele? | D3: Sim | E3: Ele continua fechando o atendimento do início ao fim.
A4: 3 | B4: Significado da tarefa | C4: O atendente entende por que o que ele faz importa para o cliente e para a loja? | D4: Não | E4: Ele revisa o orçamento da IA por instrução do gerente, mas não sabe por que essa checagem existe. | F4: Incluir, na sessão de letramento em IA, uma explicação do motivo da checagem: evitar erro de preço que gera prejuízo à loja.
A5: 4 | B5: Autonomia | C5: O atendente ainda decide como fazer, ou só executa uma ordem? | D5: Sim | E5: Ele decide como conduzir a negociação e como revisar o orçamento.
A6: 5 | B6: Retorno (feedback) | C6: O atendente sabe se fez certo? Recebe algum retorno sobre o resultado do seu trabalho? | D6: Sim | E6: O gerente confere o orçamento fechado e comenta o resultado.
A7: 6 | B7: Diretriz de uso crítico | C7: Existe orientação clara de quando NÃO usar a IA, ou de quando checar manualmente? | D7: Sim | E7: O guia de aplicação instrui checar manualmente sempre que o valor do orçamento ultrapassar R$ 2.000.
A9: Toda resposta diferente de "Sim" exige o preenchimento de "Ajuste registrado" antes de encerrar o ciclo de aplicação (Passo 6 do PBL4).
